datetime,volume,day_of_week,is_weekend
2006-10-01 00:15:00,46,6,1
2006-10-01 00:30:00,41,6,1
2006-10-01 00:45:00,42,6,1
2006-10-01 01:00:00,36,6,1
2006-10-01 01:15:00,26,6,1
2006-10-01 01:30:00,26,6,1
2006-10-01 01:45:00,19,6,1
2006-10-01 02:00:00,24,6,1
2006-10-01 02:15:00,21,6,1
2006-10-01 02:30:00,12,6,1
2006-10-01 02:45:00,7,6,1
2006-10-01 03:00:00,14,6,1
2006-10-01 03:15:00,20,6,1
2006-10-01 03:30:00,13,6,1
2006-10-01 03:45:00,11,6,1
2006-10-01 04:00:00,9,6,1
2006-10-01 04:15:00,13,6,1
2006-10-01 04:30:00,6,6,1
2006-10-01 04:45:00,8,6,1
2006-10-01 05:00:00,9,6,1
2006-10-01 05:15:00,9,6,1
2006-10-01 05:30:00,12,6,1
2006-10-01 05:45:00,21,6,1
2006-10-01 06:00:00,13,6,1
2006-10-01 06:15:00,13,6,1
2006-10-01 06:30:00,28,6,1
2006-10-01 06:45:00,32,6,1
2006-10-01 07:00:00,35,6,1
2006-10-01 07:15:00,46,6,1
2006-10-01 07:30:00,49,6,1
2006-10-01 07:45:00,57,6,1
2006-10-01 08:00:00,50,6,1
2006-10-01 08:15:00,49,6,1
2006-10-01 08:30:00,55,6,1
2006-10-01 08:45:00,70,6,1
2006-10-01 09:00:00,100,6,1
2006-10-01 09:15:00,123,6,1
2006-10-01 09:30:00,128,6,1
2006-10-01 09:45:00,164,6,1
2006-10-01 10:00:00,205,6,1
2006-10-01 10:15:00,188,6,1
2006-10-01 10:30:00,181,6,1
2006-10-01 10:45:00,184,6,1
2006-10-01 11:00:00,181,6,1
2006-10-01 11:15:00,187,6,1
2006-10-01 11:30:00,190,6,1
2006-10-01 11:45:00,215,6,1
2006-10-01 12:00:00,205,6,1
2006-10-01 12:15:00,202,6,1
2006-10-01 12:30:00,219,6,1
2006-10-01 12:45:00,213,6,1
2006-10-01 13:00:00,248,6,1
2006-10-01 13:15:00,239,6,1
2006-10-01 13:30:00,189,6,1
2006-10-01 13:45:00,194,6,1
2006-10-01 14:00:00,208,6,1
2006-10-01 14:15:00,226,6,1
2006-10-01 14:30:00,232,6,1
2006-10-01 14:45:00,182,6,1
2006-10-01 15:00:00,158,6,1
2006-10-01 15:15:00,211,6,1
2006-10-01 15:30:00,182,6,1
2006-10-01 15:45:00,177,6,1
2006-10-01 16:00:00,185,6,1
2006-10-01 16:15:00,183,6,1
2006-10-01 16:30:00,187,6,1
2006-10-01 16:45:00,153,6,1
2006-10-01 17:00:00,177,6,1
2006-10-01 17:15:00,192,6,1
2006-10-01 17:30:00,175,6,1
2006-10-01 17:45:00,166,6,1
2006-10-01 18:00:00,155,6,1
2006-10-01 18:15:00,171,6,1
2006-10-01 18:30:00,156,6,1
2006-10-01 18:45:00,101,6,1
2006-10-01 19:00:00,98,6,1
2006-10-01 19:15:00,96,6,1
2006-10-01 19:30:00,83,6,1
2006-10-01 19:45:00,80,6,1
2006-10-01 20:00:00,55,6,1
2006-10-01 20:15:00,78,6,1
2006-10-01 20:30:00,53,6,1
2006-10-01 20:45:00,44,6,1
2006-10-01 21:00:00,59,6,1
2006-10-01 21:15:00,77,6,1
2006-10-01 21:30:00,69,6,1
2006-10-01 21:45:00,59,6,1
2006-10-01 22:00:00,52,6,1
2006-10-01 22:15:00,63,6,1
2006-10-01 22:30:00,37,6,1
2006-10-01 22:45:00,49,6,1
2006-10-01 23:00:00,34,6,1
2006-10-01 23:15:00,37,6,1
2006-10-01 23:30:00,24,6,1
2006-10-01 23:45:00,14,6,1
2006-10-02 00:00:00,13,0,0
2006-10-02 00:15:00,14,0,0
2006-10-02 00:30:00,14,0,0
2006-10-02 00:45:00,6,0,0
2006-10-02 01:00:00,5,0,0
2006-10-02 01:15:00,5,0,0
2006-10-02 01:30:00,8,0,0
2006-10-02 01:45:00,6,0,0
2006-10-02 02:00:00,5,0,0
2006-10-02 02:15:00,5,0,0
2006-10-02 02:30:00,9,0,0
2006-10-02 02:45:00,7,0,0
2006-10-02 03:00:00,2,0,0
2006-10-02 03:15:00,2,0,0
2006-10-02 03:30:00,6,0,0
2006-10-02 03:45:00,2,0,0
2006-10-02 04:00:00,7,0,0
2006-10-02 04:15:00,5,0,0
2006-10-02 04:30:00,9,0,0
2006-10-02 04:45:00,8,0,0
2006-10-02 05:00:00,14,0,0
2006-10-02 05:15:00,15,0,0
2006-10-02 05:30:00,22,0,0
2006-10-02 05:45:00,44,0,0
2006-10-02 06:00:00,34,0,0
2006-10-02 06:15:00,53,0,0
2006-10-02 06:30:00,85,0,0
2006-10-02 06:45:00,138,0,0
2006-10-02 07:00:00,143,0,0
2006-10-02 07:15:00,179,0,0
2006-10-02 07:30:00,297,0,0
2006-10-02 07:45:00,293,0,0
2006-10-02 08:00:00,334,0,0
2006-10-02 08:15:00,275,0,0
2006-10-02 08:30:00,322,0,0
2006-10-02 08:45:00,244,0,0
2006-10-02 09:00:00,317,0,0
2006-10-02 09:15:00,243,0,0
2006-10-02 09:30:00,235,0,0
2006-10-02 09:45:00,236,0,0
2006-10-02 10:00:00,192,0,0
2006-10-02 10:15:00,214,0,0
2006-10-02 10:30:00,183,0,0
2006-10-02 10:45:00,182,0,0
2006-10-02 11:00:00,214,0,0
2006-10-02 11:15:00,184,0,0
2006-10-02 11:30:00,200,0,0
2006-10-02 11:45:00,193,0,0
2006-10-02 12:00:00,200,0,0
2006-10-02 12:15:00,179,0,0
2006-10-02 12:30:00,181,0,0
2006-10-02 12:45:00,156,0,0
2006-10-02 13:00:00,189,0,0
2006-10-02 13:15:00,186,0,0
2006-10-02 13:30:00,194,0,0
2006-10-02 13:45:00,214,0,0
2006-10-02 14:00:00,150,0,0
2006-10-02 14:15:00,199,0,0
2006-10-02 14:30:00,182,0,0
2006-10-02 14:45:00,188,0,0
2006-10-02 15:00:00,183,0,0
2006-10-02 15:15:00,182,0,0
2006-10-02 15:30:00,239,0,0
2006-10-02 15:45:00,231,0,0
2006-10-02 16:00:00,232,0,0
2006-10-02 16:15:00,276,0,0
2006-10-02 16:30:00,240,0,0
2006-10-02 16:45:00,242,0,0
2006-10-02 17:00:00,241,0,0
2006-10-02 17:15:00,222,0,0
2006-10-02 17:30:00,302,0,0
2006-10-02 17:45:00,252,0,0
2006-10-02 18:00:00,297,0,0
2006-10-02 18:15:00,227,0,0
2006-10-02 18:30:00,220,0,0
2006-10-02 18:45:00,179,0,0
2006-10-02 19:00:00,139,0,0
2006-10-02 19:15:00,153,0,0
2006-10-02 19:30:00,128,0,0
2006-10-02 19:45:00,110,0,0
2006-10-02 20:00:00,88,0,0
2006-10-02 20:15:00,92,0,0
2006-10-02 20:30:00,90,0,0
2006-10-02 20:45:00,71,0,0
2006-10-02 21:00:00,69,0,0
2006-10-02 21:15:00,63,0,0
2006-10-02 21:30:00,62,0,0
2006-10-02 21:45:00,68,0,0
2006-10-02 22:00:00,66,0,0
2006-10-02 22:15:00,56,0,0
2006-10-02 22:30:00,66,0,0
2006-10-02 22:45:00,56,0,0
2006-10-02 23:00:00,43,0,0
2006-10-02 23:15:00,45,0,0
2006-10-02 23:30:00,25,0,0
2006-10-02 23:45:00,22,0,0
2006-10-03 00:00:00,17,1,0
2006-10-03 00:15:00,11,1,0
2006-10-03 00:30:00,13,1,0
2006-10-03 00:45:00,11,1,0
2006-10-03 01:00:00,8,1,0
2006-10-03 01:15:00,10,1,0
2006-10-03 01:30:00,4,1,0
2006-10-03 01:45:00,1,1,0
2006-10-03 02:00:00,5,1,0
2006-10-03 02:15:00,5,1,0
2006-10-03 02:30:00,2,1,0
2006-10-03 02:45:00,7,1,0
2006-10-03 03:00:00,5,1,0
2006-10-03 03:15:00,5,1,0
2006-10-03 03:30:00,3,1,0
2006-10-03 03:45:00,5,1,0
2006-10-03 04:00:00,5,1,0
2006-10-03 04:15:00,4,1,0
2006-10-03 04:30:00,5,1,0
2006-10-03 04:45:00,2,1,0
2006-10-03 05:00:00,4,1,0
2006-10-03 05:15:00,13,1,0
2006-10-03 05:30:00,26,1,0
2006-10-03 05:45:00,37,1,0
2006-10-03 06:00:00,58,1,0
2006-10-03 06:15:00,65,1,0
2006-10-03 06:30:00,114,1,0
2006-10-03 06:45:00,160,1,0
2006-10-03 07:00:00,195,1,0
2006-10-03 07:15:00,230,1,0
2006-10-03 07:30:00,231,1,0
2006-10-03 07:45:00,315,1,0
2006-10-03 08:00:00,281,1,0
2006-10-03 08:15:00,300,1,0
2006-10-03 08:30:00,299,1,0
2006-10-03 08:45:00,308,1,0
2006-10-03 09:00:00,291,1,0
2006-10-03 09:15:00,281,1,0
2006-10-03 09:30:00,257,1,0
2006-10-03 09:45:00,260,1,0
2006-10-03 10:00:00,240,1,0
2006-10-03 10:15:00,222,1,0
2006-10-03 10:30:00,202,1,0
2006-10-03 10:45:00,210,1,0
2006-10-03 11:00:00,212,1,0
2006-10-03 11:15:00,201,1,0
2006-10-03 11:30:00,186,1,0
2006-10-03 11:45:00,205,1,0
2006-10-03 12:00:00,206,1,0
2006-10-03 12:15:00,200,1,0
2006-10-03 12:30:00,212,1,0
2006-10-03 12:45:00,189,1,0
2006-10-03 13:00:00,186,1,0
2006-10-03 13:15:00,167,1,0
2006-10-03 13:30:00,197,1,0
2006-10-03 13:45:00,219,1,0
2006-10-03 14:00:00,191,1,0
2006-10-03 14:15:00,162,1,0
2006-10-03 14:30:00,290,1,0
2006-10-03 14:45:00,199,1,0
2006-10-03 15:00:00,192,1,0
2006-10-03 15:15:00,224,1,0
2006-10-03 15:30:00,216,1,0
2006-10-03 15:45:00,255,1,0
2006-10-03 16:00:00,253,1,0
2006-10-03 16:15:00,262,1,0
2006-10-03 16:30:00,257,1,0
2006-10-03 16:45:00,294,1,0
2006-10-03 17:00:00,242,1,0
2006-10-03 17:15:00,261,1,0
2006-10-03 17:30:00,231,1,0
2006-10-03 17:45:00,317,1,0
2006-10-03 18:00:00,263,1,0
2006-10-03 18:15:00,284,1,0
2006-10-03 18:30:00,240,1,0
2006-10-03 18:45:00,219,1,0
2006-10-03 19:00:00,162,1,0
2006-10-03 19:15:00,153,1,0
2006-10-03 19:30:00,155,1,0
2006-10-03 19:45:00,123,1,0
2006-10-03 20:00:00,113,1,0
2006-10-03 20:15:00,96,1,0
2006-10-03 20:30:00,88,1,0
2006-10-03 20:45:00,94,1,0
2006-10-03 21:00:00,72,1,0
2006-10-03 21:15:00,91,1,0
2006-10-03 21:30:00,94,1,0
2006-10-03 21:45:00,88,1,0
2006-10-03 22:00:00,82,1,0
2006-10-03 22:15:00,74,1,0
2006-10-03 22:30:00,62,1,0
2006-10-03 22:45:00,54,1,0
2006-10-03 23:00:00,48,1,0
2006-10-03 23:15:00,52,1,0
2006-10-03 23:30:00,28,1,0
2006-10-03 23:45:00,19,1,0
2006-10-04 00:00:00,21,2,0
2006-10-04 00:15:00,16,2,0
2006-10-04 00:30:00,11,2,0
2006-10-04 00:45:00,10,2,0
2006-10-04 01:00:00,7,2,0
2006-10-04 01:15:00,7,2,0
2006-10-04 01:30:00,6,2,0
2006-10-04 01:45:00,4,2,0
2006-10-04 02:00:00,4,2,0
2006-10-04 02:15:00,1,2,0
2006-10-04 02:30:00,6,2,0
2006-10-04 02:45:00,6,2,0
2006-10-04 03:00:00,6,2,0
2006-10-04 03:15:00,5,2,0
2006-10-04 03:30:00,2,2,0
2006-10-04 03:45:00,6,2,0
2006-10-04 04:00:00,4,2,0
2006-10-04 04:15:00,3,2,0
2006-10-04 04:30:00,7,2,0
2006-10-04 04:45:00,5,2,0
2006-10-04 05:00:00,7,2,0
2006-10-04 05:15:00,14,2,0
2006-10-04 05:30:00,17,2,0
2006-10-04 05:45:00,41,2,0
2006-10-04 06:00:00,47,2,0
2006-10-04 06:15:00,58,2,0
2006-10-04 06:30:00,118,2,0
2006-10-04 06:45:00,142,2,0
2006-10-04 07:00:00,182,2,0
2006-10-04 07:15:00,169,2,0
2006-10-04 07:30:00,281,2,0
2006-10-04 07:45:00,261,2,0
2006-10-04 08:00:00,317,2,0
2006-10-04 08:15:00,271,2,0
2006-10-04 08:30:00,305,2,0
2006-10-04 08:45:00,270,2,0
2006-10-04 09:00:00,323,2,0
2006-10-04 09:15:00,263,2,0
2006-10-04 09:30:00,237,2,0
2006-10-04 09:45:00,246,2,0
2006-10-04 10:00:00,239,2,0
2006-10-04 10:15:00,197,2,0
2006-10-04 10:30:00,197,2,0
2006-10-04 10:45:00,231,2,0
2006-10-04 11:00:00,212,2,0
2006-10-04 11:15:00,193,2,0
2006-10-04 11:30:00,211,2,0
2006-10-04 11:45:00,227,2,0
2006-10-04 12:00:00,194,2,0
2006-10-04 12:15:00,208,2,0
2006-10-04 12:30:00,249,2,0
2006-10-04 12:45:00,197,2,0
2006-10-04 13:00:00,201,2,0
2006-10-04 13:15:00,208,2,0
2006-10-04 13:30:00,202,2,0
2006-10-04 13:45:00,246,2,0
2006-10-04 14:00:00,224,2,0
2006-10-04 14:15:00,239,2,0
2006-10-04 14:30:00,206,2,0
2006-10-04 14:45:00,221,2,0
2006-10-04 15:00:00,197,2,0
2006-10-04 15:15:00,249,2,0
2006-10-04 15:30:00,274,2,0
2006-10-04 15:45:00,262,2,0
2006-10-04 16:00:00,260,2,0
2006-10-04 16:15:00,257,2,0
2006-10-04 16:30:00,263,2,0
2006-10-04 16:45:00,274,2,0
2006-10-04 17:00:00,233,2,0
2006-10-04 17:15:00,229,2,0
2006-10-04 17:30:00,277,2,0
2006-10-04 17:45:00,296,2,0
2006-10-04 18:00:00,272,2,0
2006-10-04 18:15:00,259,2,0
2006-10-04 18:30:00,240,2,0
2006-10-04 18:45:00,187,2,0
2006-10-04 19:00:00,162,2,0
2006-10-04 19:15:00,167,2,0
2006-10-04 19:30:00,149,2,0
2006-10-04 19:45:00,120,2,0
2006-10-04 20:00:00,117,2,0
2006-10-04 20:15:00,106,2,0
2006-10-04 20:30:00,73,2,0
2006-10-04 20:45:00,78,2,0
2006-10-04 21:00:00,69,2,0
2006-10-04 21:15:00,81,2,0
2006-10-04 21:30:00,94,2,0
2006-10-04 21:45:00,80,2,0
2006-10-04 22:00:00,62,2,0
2006-10-04 22:15:00,86,2,0
2006-10-04 22:30:00,74,2,0
2006-10-04 22:45:00,71,2,0
2006-10-04 23:00:00,38,2,0
2006-10-04 23:15:00,40,2,0
2006-10-04 23:30:00,36,2,0
2006-10-04 23:45:00,46,2,0
2006-10-05 00:00:00,22,3,0
2006-10-05 00:15:00,26,3,0
2006-10-05 00:30:00,14,3,0
2006-10-05 00:45:00,7,3,0
2006-10-05 01:00:00,6,3,0
2006-10-05 01:15:00,7,3,0
2006-10-05 01:30:00,6,3,0
2006-10-05 01:45:00,10,3,0
2006-10-05 02:00:00,11,3,0
2006-10-05 02:15:00,8,3,0
2006-10-05 02:30:00,2,3,0
2006-10-05 02:45:00,3,3,0
2006-10-05 03:00:00,1,3,0
2006-10-05 03:15:00,3,3,0
2006-10-05 03:30:00,3,3,0
2006-10-05 03:45:00,6,3,0
2006-10-05 04:00:00,1,3,0
2006-10-05 04:15:00,14,3,0
2006-10-05 04:30:00,9,3,0
2006-10-05 04:45:00,4,3,0
2006-10-05 05:00:00,14,3,0
2006-10-05 05:15:00,14,3,0
2006-10-05 05:30:00,18,3,0
2006-10-05 05:45:00,41,3,0
2006-10-05 06:00:00,54,3,0
2006-10-05 06:15:00,59,3,0
2006-10-05 06:30:00,106,3,0
2006-10-05 06:45:00,149,3,0
2006-10-05 07:00:00,173,3,0
2006-10-05 07:15:00,190,3,0
2006-10-05 07:30:00,263,3,0
2006-10-05 07:45:00,282,3,0
2006-10-05 08:00:00,280,3,0
2006-10-05 08:15:00,285,3,0
2006-10-05 08:30:00,320,3,0
2006-10-05 08:45:00,268,3,0
2006-10-05 09:00:00,289,3,0
2006-10-05 09:15:00,230,3,0
2006-10-05 09:30:00,267,3,0
2006-10-05 09:45:00,253,3,0
2006-10-05 10:00:00,224,3,0
2006-10-05 10:15:00,304,3,0
2006-10-05 10:30:00,200,3,0
2006-10-05 10:45:00,206,3,0
2006-10-05 11:00:00,212,3,0
2006-10-05 11:15:00,224,3,0
2006-10-05 11:30:00,229,3,0
2006-10-05 11:45:00,213,3,0
2006-10-05 12:00:00,215,3,0
2006-10-05 12:15:00,214,3,0
2006-10-05 12:30:00,230,3,0
2006-10-05 12:45:00,201,3,0
2006-10-05 13:00:00,241,3,0
2006-10-05 13:15:00,182,3,0
2006-10-05 13:30:00,196,3,0
2006-10-05 13:45:00,210,3,0
2006-10-05 14:00:00,218,3,0
2006-10-05 14:15:00,210,3,0
2006-10-05 14:30:00,229,3,0
2006-10-05 14:45:00,185,3,0
2006-10-05 15:00:00,199,3,0
2006-10-05 15:15:00,208,3,0
2006-10-05 15:30:00,213,3,0
2006-10-05 15:45:00,300,3,0
2006-10-05 16:00:00,252,3,0
2006-10-05 16:15:00,303,3,0
2006-10-05 16:30:00,272,3,0
2006-10-05 16:45:00,260,3,0
2006-10-05 17:00:00,289,3,0
2006-10-05 17:15:00,262,3,0
2006-10-05 17:30:00,294,3,0
2006-10-05 17:45:00,317,3,0
2006-10-05 18:00:00,286,3,0
2006-10-05 18:15:00,277,3,0
2006-10-05 18:30:00,226,3,0
2006-10-05 18:45:00,228,3,0
2006-10-05 19:00:00,190,3,0
2006-10-05 19:15:00,179,3,0
2006-10-05 19:30:00,183,3,0
2006-10-05 19:45:00,158,3,0
2006-10-05 20:00:00,118,3,0
2006-10-05 20:15:00,107,3,0
2006-10-05 20:30:00,95,3,0
2006-10-05 20:45:00,93,3,0
2006-10-05 21:00:00,91,3,0
2006-10-05 21:15:00,96,3,0
2006-10-05 21:30:00,105,3,0
2006-10-05 21:45:00,96,3,0
2006-10-05 22:00:00,82,3,0
2006-10-05 22:15:00,77,3,0
2006-10-05 22:30:00,75,3,0
2006-10-05 22:45:00,73,3,0
2006-10-05 23:00:00,48,3,0
2006-10-05 23:15:00,38,3,0
2006-10-05 23:30:00,18,3,0
2006-10-05 23:45:00,35,3,0
2006-10-06 00:00:00,12,4,0
2006-10-06 00:15:00,19,4,0
2006-10-06 00:30:00,16,4,0
2006-10-06 00:45:00,10,4,0
2006-10-06 01:00:00,11,4,0
2006-10-06 01:15:00,17,4,0
2006-10-06 01:30:00,8,4,0
2006-10-06 01:45:00,6,4,0
2006-10-06 02:00:00,9,4,0
2006-10-06 02:15:00,3,4,0
2006-10-06 02:30:00,6,4,0
2006-10-06 02:45:00,1,4,0
2006-10-06 03:00:00,6,4,0
2006-10-06 03:15:00,2,4,0
2006-10-06 03:30:00,6,4,0
2006-10-06 03:45:00,7,4,0
2006-10-06 04:00:00,5,4,0
2006-10-06 04:15:00,6,4,0
2006-10-06 04:30:00,8,4,0
2006-10-06 04:45:00,12,4,0
2006-10-06 05:00:00,13,4,0
2006-10-06 05:15:00,12,4,0
2006-10-06 05:30:00,20,4,0
2006-10-06 05:45:00,33,4,0
2006-10-06 06:00:00,46,4,0
2006-10-06 06:15:00,51,4,0
2006-10-06 06:30:00,112,4,0
2006-10-06 06:45:00,155,4,0
2006-10-06 07:00:00,176,4,0
2006-10-06 07:15:00,224,4,0
2006-10-06 07:30:00,262,4,0
2006-10-06 07:45:00,312,4,0
2006-10-06 08:00:00,252,4,0
2006-10-06 08:15:00,319,4,0
2006-10-06 08:30:00,290,4,0
2006-10-06 08:45:00,284,4,0
2006-10-06 09:00:00,241,4,0
2006-10-06 09:15:00,244,4,0
2006-10-06 09:30:00,265,4,0
2006-10-06 09:45:00,271,4,0
2006-10-06 10:00:00,245,4,0
2006-10-06 10:15:00,214,4,0
2006-10-06 10:30:00,229,4,0
2006-10-06 10:45:00,223,4,0
2006-10-06 11:00:00,219,4,0
2006-10-06 11:15:00,214,4,0
2006-10-06 11:30:00,217,4,0
2006-10-06 11:45:00,260,4,0
2006-10-06 12:00:00,222,4,0
2006-10-06 12:15:00,234,4,0
2006-10-06 12:30:00,207,4,0
2006-10-06 12:45:00,204,4,0
2006-10-06 13:00:00,203,4,0
2006-10-06 13:15:00,205,4,0
2006-10-06 13:30:00,200,4,0
2006-10-06 13:45:00,201,4,0
2006-10-06 14:00:00,231,4,0
2006-10-06 14:15:00,221,4,0
2006-10-06 14:30:00,215,4,0
2006-10-06 14:45:00,266,4,0
2006-10-06 15:00:00,202,4,0
2006-10-06 15:15:00,244,4,0
2006-10-06 15:30:00,228,4,0
2006-10-06 15:45:00,283,4,0
2006-10-06 16:00:00,269,4,0
2006-10-06 16:15:00,276,4,0
2006-10-06 16:30:00,288,4,0
2006-10-06 16:45:00,245,4,0
2006-10-06 17:00:00,257,4,0
2006-10-06 17:15:00,270,4,0
2006-10-06 17:30:00,303,4,0
2006-10-06 17:45:00,299,4,0
2006-10-06 18:00:00,293,4,0
2006-10-06 18:15:00,262,4,0
2006-10-06 18:30:00,251,4,0
2006-10-06 18:45:00,264,4,0
2006-10-06 19:00:00,251,4,0
2006-10-06 19:15:00,201,4,0
2006-10-06 19:30:00,193,4,0
2006-10-06 19:45:00,184,4,0
2006-10-06 20:00:00,150,4,0
2006-10-06 20:15:00,125,4,0
2006-10-06 20:30:00,94,4,0
2006-10-06 20:45:00,104,4,0
2006-10-06 21:00:00,111,4,0
2006-10-06 21:15:00,98,4,0
2006-10-06 21:30:00,87,4,0
2006-10-06 21:45:00,88,4,0
2006-10-06 22:00:00,71,4,0
2006-10-06 22:15:00,98,4,0
2006-10-06 22:30:00,64,4,0
2006-10-06 22:45:00,66,4,0
2006-10-06 23:00:00,80,4,0
2006-10-06 23:15:00,66,4,0
2006-10-06 23:30:00,62,4,0
2006-10-06 23:45:00,56,4,0
2006-10-07 00:00:00,54,5,1
2006-10-07 00:15:00,43,5,1
2006-10-07 00:30:00,39,5,1
2006-10-07 00:45:00,31,5,1
2006-10-07 01:00:00,33,5,1
2006-10-07 01:15:00,19,5,1
2006-10-07 01:30:00,18,5,1
2006-10-07 01:45:00,17,5,1
2006-10-07 02:00:00,17,5,1
2006-10-07 02:15:00,9,5,1
2006-10-07 02:30:00,13,5,1
2006-10-07 02:45:00,11,5,1
2006-10-07 03:00:00,12,5,1
2006-10-07 03:15:00,12,5,1
2006-10-07 03:30:00,11,5,1
2006-10-07 03:45:00,11,5,1
2006-10-07 04:00:00,10,5,1
2006-10-07 04:15:00,16,5,1
2006-10-07 04:30:00,12,5,1
2006-10-07 04:45:00,6,5,1
2006-10-07 05:00:00,13,5,1
2006-10-07 05:15:00,11,5,1
2006-10-07 05:30:00,22,5,1
2006-10-07 05:45:00,27,5,1
2006-10-07 06:00:00,22,5,1
2006-10-07 06:15:00,31,5,1
2006-10-07 06:30:00,55,5,1
2006-10-07 06:45:00,72,5,1
2006-10-07 07:00:00,83,5,1
2006-10-07 07:15:00,69,5,1
2006-10-07 07:30:00,96,5,1
2006-10-07 07:45:00,99,5,1
2006-10-07 08:00:00,110,5,1
2006-10-07 08:15:00,132,5,1
2006-10-07 08:30:00,169,5,1
2006-10-07 08:45:00,196,5,1
2006-10-07 09:00:00,214,5,1
2006-10-07 09:15:00,211,5,1
2006-10-07 09:30:00,237,5,1
2006-10-07 09:45:00,248,5,1
2006-10-07 10:00:00,256,5,1
2006-10-07 10:15:00,282,5,1
2006-10-07 10:30:00,270,5,1
2006-10-07 10:45:00,245,5,1
2006-10-07 11:00:00,263,5,1
2006-10-07 11:15:00,247,5,1
2006-10-07 11:30:00,285,5,1
2006-10-07 11:45:00,284,5,1
2006-10-07 12:00:00,283,5,1
2006-10-07 12:15:00,287,5,1
2006-10-07 12:30:00,270,5,1
2006-10-07 12:45:00,270,5,1
2006-10-07 13:00:00,247,5,1
2006-10-07 13:15:00,268,5,1
2006-10-07 13:30:00,269,5,1
2006-10-07 13:45:00,260,5,1
2006-10-07 14:00:00,279,5,1
2006-10-07 14:15:00,256,5,1
2006-10-07 14:30:00,230,5,1
2006-10-07 14:45:00,244,5,1
2006-10-07 15:00:00,221,5,1
2006-10-07 15:15:00,224,5,1
2006-10-07 15:30:00,224,5,1
2006-10-07 15:45:00,220,5,1
2006-10-07 16:00:00,191,5,1
2006-10-07 16:15:00,195,5,1
2006-10-07 16:30:00,203,5,1
2006-10-07 16:45:00,160,5,1
2006-10-07 17:00:00,195,5,1
2006-10-07 17:15:00,157,5,1
2006-10-07 17:30:00,183,5,1
2006-10-07 17:45:00,216,5,1
2006-10-07 18:00:00,187,5,1
2006-10-07 18:15:00,153,5,1
2006-10-07 18:30:00,204,5,1
2006-10-07 18:45:00,188,5,1
2006-10-07 19:00:00,165,5,1
2006-10-07 19:15:00,169,5,1
2006-10-07 19:30:00,173,5,1
2006-10-07 19:45:00,128,5,1
2006-10-07 20:00:00,124,5,1
2006-10-07 20:15:00,114,5,1
2006-10-07 20:30:00,104,5,1
2006-10-07 20:45:00,75,5,1
2006-10-07 21:00:00,74,5,1
2006-10-07 21:15:00,71,5,1
2006-10-07 21:30:00,93,5,1
2006-10-07 21:45:00,84,5,1
2006-10-07 22:00:00,93,5,1
2006-10-07 22:15:00,77,5,1
2006-10-07 22:30:00,64,5,1
2006-10-07 22:45:00,82,5,1
2006-10-07 23:00:00,73,5,1
2006-10-07 23:15:00,71,5,1
2006-10-07 23:30:00,83,5,1
2006-10-07 23:45:00,72,5,1
2006-10-08 00:00:00,84,6,1
2006-10-08 00:15:00,79,6,1
2006-10-08 00:30:00,52,6,1
2006-10-08 00:45:00,56,6,1
2006-10-08 01:00:00,39,6,1
2006-10-08 01:15:00,39,6,1
2006-10-08 01:30:00,27,6,1
2006-10-08 01:45:00,40,6,1
2006-10-08 02:00:00,17,6,1
2006-10-08 02:15:00,25,6,1
2006-10-08 02:30:00,6,6,1
2006-10-08 02:45:00,11,6,1
2006-10-08 03:00:00,5,6,1
2006-10-08 03:15:00,12,6,1
2006-10-08 03:30:00,11,6,1
2006-10-08 03:45:00,8,6,1
2006-10-08 04:00:00,8,6,1
2006-10-08 04:15:00,6,6,1
2006-10-08 04:30:00,9,6,1
2006-10-08 04:45:00,9,6,1
2006-10-08 05:00:00,13,6,1
2006-10-08 05:15:00,10,6,1
2006-10-08 05:30:00,14,6,1
2006-10-08 05:45:00,15,6,1
2006-10-08 06:00:00,18,6,1
2006-10-08 06:15:00,22,6,1
2006-10-08 06:30:00,31,6,1
2006-10-08 06:45:00,67,6,1
2006-10-08 07:00:00,72,6,1
2006-10-08 07:15:00,61,6,1
2006-10-08 07:30:00,57,6,1
2006-10-08 07:45:00,68,6,1
2006-10-08 08:00:00,58,6,1
2006-10-08 08:15:00,56,6,1
2006-10-08 08:30:00,90,6,1
2006-10-08 08:45:00,83,6,1
2006-10-08 09:00:00,91,6,1
2006-10-08 09:15:00,131,6,1
2006-10-08 09:30:00,151,6,1
2006-10-08 09:45:00,180,6,1
2006-10-08 10:00:00,169,6,1
2006-10-08 10:15:00,215,6,1
2006-10-08 10:30:00,184,6,1
2006-10-08 10:45:00,199,6,1
2006-10-08 11:00:00,186,6,1
2006-10-08 11:15:00,195,6,1
2006-10-08 11:30:00,234,6,1
2006-10-08 11:45:00,219,6,1
2006-10-08 12:00:00,241,6,1
2006-10-08 12:15:00,251,6,1
2006-10-08 12:30:00,282,6,1
2006-10-08 12:45:00,245,6,1
2006-10-08 13:00:00,222,6,1
2006-10-08 13:15:00,201,6,1
2006-10-08 13:30:00,224,6,1
2006-10-08 13:45:00,210,6,1
2006-10-08 14:00:00,203,6,1
2006-10-08 14:15:00,209,6,1
2006-10-08 14:30:00,177,6,1
2006-10-08 14:45:00,193,6,1
2006-10-08 15:00:00,191,6,1
2006-10-08 15:15:00,205,6,1
2006-10-08 15:30:00,200,6,1
2006-10-08 15:45:00,190,6,1
2006-10-08 16:00:00,206,6,1
2006-10-08 16:15:00,181,6,1
2006-10-08 16:30:00,194,6,1
2006-10-08 16:45:00,186,6,1
2006-10-08 17:00:00,177,6,1
2006-10-08 17:15:00,188,6,1
2006-10-08 17:30:00,191,6,1
2006-10-08 17:45:00,174,6,1
2006-10-08 18:00:00,151,6,1
2006-10-08 18:15:00,188,6,1
2006-10-08 18:30:00,162,6,1
2006-10-08 18:45:00,124,6,1
2006-10-08 19:00:00,103,6,1
2006-10-08 19:15:00,109,6,1
2006-10-08 19:30:00,89,6,1
2006-10-08 19:45:00,98,6,1
2006-10-08 20:00:00,80,6,1
2006-10-08 20:15:00,68,6,1
2006-10-08 20:30:00,65,6,1
2006-10-08 20:45:00,86,6,1
2006-10-08 21:00:00,68,6,1
2006-10-08 21:15:00,68,6,1
2006-10-08 21:30:00,61,6,1
2006-10-08 21:45:00,72,6,1
2006-10-08 22:00:00,59,6,1
2006-10-08 22:15:00,49,6,1
2006-10-08 22:30:00,62,6,1
2006-10-08 22:45:00,54,6,1
2006-10-08 23:00:00,35,6,1
2006-10-08 23:15:00,31,6,1
2006-10-08 23:30:00,26,6,1
2006-10-08 23:45:00,26,6,1
2006-10-09 00:00:00,16,0,0
2006-10-09 00:15:00,15,0,0
2006-10-09 00:30:00,16,0,0
2006-10-09 00:45:00,9,0,0
2006-10-09 01:00:00,13,0,0
2006-10-09 01:15:00,7,0,0
2006-10-09 01:30:00,7,0,0
2006-10-09 01:45:00,7,0,0
2006-10-09 02:00:00,4,0,0
2006-10-09 02:15:00,3,0,0
2006-10-09 02:30:00,2,0,0
2006-10-09 02:45:00,5,0,0
2006-10-09 03:00:00,3,0,0
2006-10-09 03:15:00,2,0,0
2006-10-09 03:30:00,0,0,0
2006-10-09 03:45:00,5,0,0
2006-10-09 04:00:00,3,0,0
2006-10-09 04:15:00,3,0,0
2006-10-09 04:30:00,6,0,0
2006-10-09 04:45:00,12,0,0
2006-10-09 05:00:00,10,0,0
2006-10-09 05:15:00,18,0,0
2006-10-09 05:30:00,29,0,0
2006-10-09 05:45:00,41,0,0
2006-10-09 06:00:00,35,0,0
2006-10-09 06:15:00,52,0,0
2006-10-09 06:30:00,108,0,0
2006-10-09 06:45:00,154,0,0
2006-10-09 07:00:00,167,0,0
2006-10-09 07:15:00,204,0,0
2006-10-09 07:30:00,280,0,0
2006-10-09 07:45:00,286,0,0
2006-10-09 08:00:00,289,0,0
2006-10-09 08:15:00,267,0,0
2006-10-09 08:30:00,317,0,0
2006-10-09 08:45:00,260,0,0
2006-10-09 09:00:00,304,0,0
2006-10-09 09:15:00,274,0,0
2006-10-09 09:30:00,277,0,0
2006-10-09 09:45:00,219,0,0
2006-10-09 10:00:00,170,0,0
2006-10-09 10:15:00,189,0,0
2006-10-09 10:30:00,196,0,0
2006-10-09 10:45:00,199,0,0
2006-10-09 11:00:00,198,0,0
2006-10-09 11:15:00,193,0,0
2006-10-09 11:30:00,193,0,0
2006-10-09 11:45:00,177,0,0
2006-10-09 12:00:00,200,0,0
2006-10-09 12:15:00,169,0,0
2006-10-09 12:30:00,178,0,0
2006-10-09 12:45:00,197,0,0
2006-10-09 13:00:00,190,0,0
2006-10-09 13:15:00,191,0,0
2006-10-09 13:30:00,191,0,0
2006-10-09 13:45:00,205,0,0
2006-10-09 14:00:00,172,0,0
2006-10-09 14:15:00,198,0,0
2006-10-09 14:30:00,203,0,0
2006-10-09 14:45:00,183,0,0
2006-10-09 15:00:00,178,0,0
2006-10-09 15:15:00,206,0,0
2006-10-09 15:30:00,233,0,0
2006-10-09 15:45:00,240,0,0
2006-10-09 16:00:00,252,0,0
2006-10-09 16:15:00,257,0,0
2006-10-09 16:30:00,267,0,0
2006-10-09 16:45:00,265,0,0
2006-10-09 17:00:00,229,0,0
2006-10-09 17:15:00,224,0,0
2006-10-09 17:30:00,314,0,0
2006-10-09 17:45:00,272,0,0
2006-10-09 18:00:00,309,0,0
2006-10-09 18:15:00,216,0,0
2006-10-09 18:30:00,269,0,0
2006-10-09 18:45:00,178,0,0
2006-10-09 19:00:00,162,0,0
2006-10-09 19:15:00,157,0,0
2006-10-09 19:30:00,150,0,0
2006-10-09 19:45:00,87,0,0
2006-10-09 20:00:00,111,0,0
2006-10-09 20:15:00,79,0,0
2006-10-09 20:30:00,88,0,0
2006-10-09 20:45:00,78,0,0
2006-10-09 21:00:00,65,0,0
2006-10-09 21:15:00,71,0,0
2006-10-09 21:30:00,62,0,0
2006-10-09 21:45:00,65,0,0
2006-10-09 22:00:00,66,0,0
2006-10-09 22:15:00,61,0,0
2006-10-09 22:30:00,52,0,0
2006-10-09 22:45:00,48,0,0
2006-10-09 23:00:00,48,0,0
2006-10-09 23:15:00,35,0,0
2006-10-09 23:30:00,18,0,0
2006-10-09 23:45:00,11,0,0
2006-10-10 00:00:00,11,1,0
2006-10-10 00:15:00,15,1,0
2006-10-10 00:30:00,12,1,0
2006-10-10 00:45:00,11,1,0
2006-10-10 01:00:00,5,1,0
2006-10-10 01:15:00,5,1,0
2006-10-10 01:30:00,6,1,0
2006-10-10 01:45:00,4,1,0
2006-10-10 02:00:00,4,1,0
2006-10-10 02:15:00,2,1,0
2006-10-10 02:30:00,5,1,0
2006-10-10 02:45:00,4,1,0
2006-10-10 03:00:00,2,1,0
2006-10-10 03:15:00,4,1,0
2006-10-10 03:30:00,0,1,0
2006-10-10 03:45:00,3,1,0
2006-10-10 04:00:00,4,1,0
2006-10-10 04:15:00,4,1,0
2006-10-10 04:30:00,8,1,0
2006-10-10 04:45:00,12,1,0
2006-10-10 05:00:00,8,1,0
2006-10-10 05:15:00,14,1,0
2006-10-10 05:30:00,21,1,0
2006-10-10 05:45:00,46,1,0
2006-10-10 06:00:00,38,1,0
2006-10-10 06:15:00,70,1,0
2006-10-10 06:30:00,110,1,0
2006-10-10 06:45:00,159,1,0
2006-10-10 07:00:00,194,1,0
2006-10-10 07:15:00,202,1,0
2006-10-10 07:30:00,301,1,0
2006-10-10 07:45:00,262,1,0
2006-10-10 08:00:00,327,1,0
2006-10-10 08:15:00,253,1,0
2006-10-10 08:30:00,342,1,0
2006-10-10 08:45:00,283,1,0
2006-10-10 09:00:00,309,1,0
2006-10-10 09:15:00,268,1,0
2006-10-10 09:30:00,254,1,0
2006-10-10 09:45:00,254,1,0
2006-10-10 10:00:00,268,1,0
2006-10-10 10:15:00,239,1,0
2006-10-10 10:30:00,225,1,0
2006-10-10 10:45:00,240,1,0
2006-10-10 11:00:00,193,1,0
2006-10-10 11:15:00,190,1,0
2006-10-10 11:30:00,195,1,0
2006-10-10 11:45:00,220,1,0
2006-10-10 12:00:00,211,1,0
2006-10-10 12:15:00,168,1,0
2006-10-10 12:30:00,213,1,0
2006-10-10 12:45:00,199,1,0
2006-10-10 13:00:00,191,1,0
2006-10-10 13:15:00,205,1,0
2006-10-10 13:30:00,176,1,0
2006-10-10 13:45:00,185,1,0
2006-10-10 14:00:00,185,1,0
2006-10-10 14:15:00,228,1,0
2006-10-10 14:30:00,215,1,0
2006-10-10 14:45:00,194,1,0
2006-10-10 15:00:00,210,1,0
2006-10-10 15:15:00,215,1,0
2006-10-10 15:30:00,254,1,0
2006-10-10 15:45:00,251,1,0
2006-10-10 16:00:00,241,1,0
2006-10-10 16:15:00,274,1,0
2006-10-10 16:30:00,265,1,0
2006-10-10 16:45:00,265,1,0
2006-10-10 17:00:00,242,1,0
2006-10-10 17:15:00,247,1,0
2006-10-10 17:30:00,302,1,0
2006-10-10 17:45:00,288,1,0
2006-10-10 18:00:00,286,1,0
2006-10-10 18:15:00,252,1,0
2006-10-10 18:30:00,241,1,0
2006-10-10 18:45:00,187,1,0
2006-10-10 19:00:00,172,1,0
2006-10-10 19:15:00,164,1,0
2006-10-10 19:30:00,152,1,0
2006-10-10 19:45:00,109,1,0
2006-10-10 20:00:00,111,1,0
2006-10-10 20:15:00,100,1,0
2006-10-10 20:30:00,86,1,0
2006-10-10 20:45:00,78,1,0
2006-10-10 21:00:00,71,1,0
2006-10-10 21:15:00,96,1,0
2006-10-10 21:30:00,82,1,0
2006-10-10 21:45:00,84,1,0
2006-10-10 22:00:00,89,1,0
2006-10-10 22:15:00,95,1,0
2006-10-10 22:30:00,79,1,0
2006-10-10 22:45:00,74,1,0
2006-10-10 23:00:00,61,1,0
2006-10-10 23:15:00,43,1,0
2006-10-10 23:30:00,31,1,0
2006-10-10 23:45:00,25,1,0
2006-10-11 00:00:00,18,2,0
2006-10-11 00:15:00,24,2,0
2006-10-11 00:30:00,19,2,0
2006-10-11 00:45:00,14,2,0
2006-10-11 01:00:00,8,2,0
2006-10-11 01:15:00,11,2,0
2006-10-11 01:30:00,11,2,0
2006-10-11 01:45:00,5,2,0
2006-10-11 02:00:00,2,2,0
2006-10-11 02:15:00,9,2,0
2006-10-11 02:30:00,5,2,0
2006-10-11 02:45:00,4,2,0
2006-10-11 03:00:00,6,2,0
2006-10-11 03:15:00,5,2,0
2006-10-11 03:30:00,3,2,0
2006-10-11 03:45:00,8,2,0
2006-10-11 04:00:00,3,2,0
2006-10-11 04:15:00,3,2,0
2006-10-11 04:30:00,5,2,0
2006-10-11 04:45:00,11,2,0
2006-10-11 05:00:00,7,2,0
2006-10-11 05:15:00,8,2,0
2006-10-11 05:30:00,22,2,0
2006-10-11 05:45:00,45,2,0
2006-10-11 06:00:00,49,2,0
2006-10-11 06:15:00,55,2,0
2006-10-11 06:30:00,102,2,0
2006-10-11 06:45:00,166,2,0
2006-10-11 07:00:00,168,2,0
2006-10-11 07:15:00,253,2,0
2006-10-11 07:30:00,226,2,0
2006-10-11 07:45:00,334,2,0
2006-10-11 08:00:00,279,2,0
2006-10-11 08:15:00,312,2,0
2006-10-11 08:30:00,290,2,0
2006-10-11 08:45:00,310,2,0
2006-10-11 09:00:00,256,2,0
2006-10-11 09:15:00,336,2,0
2006-10-11 09:30:00,244,2,0
2006-10-11 09:45:00,246,2,0
2006-10-11 10:00:00,251,2,0
2006-10-11 10:15:00,204,2,0
2006-10-11 10:30:00,249,2,0
2006-10-11 10:45:00,244,2,0
2006-10-11 11:00:00,228,2,0
2006-10-11 11:15:00,196,2,0
2006-10-11 11:30:00,229,2,0
2006-10-11 11:45:00,219,2,0
2006-10-11 12:00:00,181,2,0
2006-10-11 12:15:00,250,2,0
2006-10-11 12:30:00,227,2,0
2006-10-11 12:45:00,199,2,0
2006-10-11 13:00:00,172,2,0
2006-10-11 13:15:00,238,2,0
2006-10-11 13:30:00,215,2,0
2006-10-11 13:45:00,202,2,0
2006-10-11 14:00:00,227,2,0
2006-10-11 14:15:00,236,2,0
2006-10-11 14:30:00,245,2,0
2006-10-11 14:45:00,211,2,0
2006-10-11 15:00:00,241,2,0
2006-10-11 15:15:00,215,2,0
2006-10-11 15:30:00,232,2,0
2006-10-11 15:45:00,271,2,0
2006-10-11 16:00:00,245,2,0
2006-10-11 16:15:00,308,2,0
2006-10-11 16:30:00,288,2,0
2006-10-11 16:45:00,285,2,0
2006-10-11 17:00:00,251,2,0
2006-10-11 17:15:00,261,2,0
2006-10-11 17:30:00,291,2,0
2006-10-11 17:45:00,253,2,0
2006-10-11 18:00:00,286,2,0
2006-10-11 18:15:00,289,2,0
2006-10-11 18:30:00,218,2,0
2006-10-11 18:45:00,217,2,0
2006-10-11 19:00:00,228,2,0
2006-10-11 19:15:00,205,2,0
2006-10-11 19:30:00,146,2,0
2006-10-11 19:45:00,123,2,0
2006-10-11 20:00:00,113,2,0
2006-10-11 20:15:00,113,2,0
2006-10-11 20:30:00,101,2,0
2006-10-11 20:45:00,85,2,0
2006-10-11 21:00:00,103,2,0
2006-10-11 21:15:00,89,2,0
2006-10-11 21:30:00,77,2,0
2006-10-11 21:45:00,97,2,0
2006-10-11 22:00:00,87,2,0
2006-10-11 22:15:00,93,2,0
2006-10-11 22:30:00,74,2,0
2006-10-11 22:45:00,66,2,0
2006-10-11 23:00:00,60,2,0
2006-10-11 23:15:00,37,2,0
2006-10-11 23:30:00,37,2,0
2006-10-11 23:45:00,26,2,0
2006-10-12 00:00:00,24,3,0
2006-10-12 00:15:00,14,3,0
2006-10-12 00:30:00,12,3,0
2006-10-12 00:45:00,14,3,0
2006-10-12 01:00:00,12,3,0
2006-10-12 01:15:00,10,3,0
2006-10-12 01:30:00,12,3,0
2006-10-12 01:45:00,8,3,0
2006-10-12 02:00:00,5,3,0
2006-10-12 02:15:00,8,3,0
2006-10-12 02:30:00,3,3,0
2006-10-12 02:45:00,1,3,0
2006-10-12 03:00:00,6,3,0
2006-10-12 03:15:00,3,3,0
2006-10-12 03:30:00,2,3,0
2006-10-12 03:45:00,3,3,0
2006-10-12 04:00:00,4,3,0
2006-10-12 04:15:00,7,3,0
2006-10-12 04:30:00,4,3,0
2006-10-12 04:45:00,6,3,0
2006-10-12 05:00:00,12,3,0
2006-10-12 05:15:00,21,3,0
2006-10-12 05:30:00,28,3,0
2006-10-12 05:45:00,46,3,0
2006-10-12 06:00:00,49,3,0
2006-10-12 06:15:00,63,3,0
2006-10-12 06:30:00,108,3,0
2006-10-12 06:45:00,168,3,0
2006-10-12 07:00:00,188,3,0
2006-10-12 07:15:00,232,3,0
2006-10-12 07:30:00,284,3,0
2006-10-12 07:45:00,282,3,0
2006-10-12 08:00:00,274,3,0
2006-10-12 08:15:00,299,3,0
2006-10-12 08:30:00,328,3,0
2006-10-12 08:45:00,325,3,0
2006-10-12 09:00:00,285,3,0
2006-10-12 09:15:00,251,3,0
2006-10-12 09:30:00,270,3,0
2006-10-12 09:45:00,294,3,0
2006-10-12 10:00:00,285,3,0
2006-10-12 10:15:00,219,3,0
2006-10-12 10:30:00,230,3,0
2006-10-12 10:45:00,249,3,0
2006-10-12 11:00:00,210,3,0
2006-10-12 11:15:00,249,3,0
2006-10-12 11:30:00,235,3,0
2006-10-12 11:45:00,234,3,0
2006-10-12 12:00:00,230,3,0
2006-10-12 12:15:00,232,3,0
2006-10-12 12:30:00,221,3,0
2006-10-12 12:45:00,249,3,0
2006-10-12 13:00:00,191,3,0
2006-10-12 13:15:00,207,3,0
2006-10-12 13:30:00,220,3,0
2006-10-12 13:45:00,202,3,0
2006-10-12 14:00:00,199,3,0
2006-10-12 14:15:00,224,3,0
2006-10-12 14:30:00,219,3,0
2006-10-12 14:45:00,194,3,0
2006-10-12 15:00:00,182,3,0
2006-10-12 15:15:00,237,3,0
2006-10-12 15:30:00,243,3,0
2006-10-12 15:45:00,290,3,0
2006-10-12 16:00:00,303,3,0
2006-10-12 16:15:00,286,3,0
2006-10-12 16:30:00,298,3,0
2006-10-12 16:45:00,264,3,0
2006-10-12 17:00:00,239,3,0
2006-10-12 17:15:00,268,3,0
2006-10-12 17:30:00,299,3,0
2006-10-12 17:45:00,290,3,0
2006-10-12 18:00:00,340,3,0
2006-10-12 18:15:00,328,3,0
2006-10-12 18:30:00,284,3,0
2006-10-12 18:45:00,254,3,0
2006-10-12 19:00:00,186,3,0
2006-10-12 19:15:00,206,3,0
2006-10-12 19:30:00,218,3,0
2006-10-12 19:45:00,144,3,0
2006-10-12 20:00:00,153,3,0
2006-10-12 20:15:00,112,3,0
2006-10-12 20:30:00,104,3,0
2006-10-12 20:45:00,136,3,0
2006-10-12 21:00:00,81,3,0
2006-10-12 21:15:00,100,3,0
2006-10-12 21:30:00,87,3,0
2006-10-12 21:45:00,111,3,0
2006-10-12 22:00:00,96,3,0
2006-10-12 22:15:00,89,3,0
2006-10-12 22:30:00,61,3,0
2006-10-12 22:45:00,56,3,0
2006-10-12 23:00:00,48,3,0
2006-10-12 23:15:00,52,3,0
2006-10-12 23:30:00,31,3,0
2006-10-12 23:45:00,29,3,0
2006-10-13 00:00:00,21,4,0
2006-10-15 00:15:00,77,6,1
2006-10-15 00:30:00,61,6,1
2006-10-15 00:45:00,51,6,1
2006-10-15 01:00:00,42,6,1
2006-10-15 01:15:00,44,6,1
2006-10-15 01:30:00,21,6,1
2006-10-15 01:45:00,18,6,1
2006-10-15 02:00:00,18,6,1
2006-10-15 02:15:00,19,6,1
2006-10-15 02:30:00,20,6,1
2006-10-15 02:45:00,11,6,1
2006-10-15 03:00:00,22,6,1
2006-10-15 03:15:00,8,6,1
2006-10-15 03:30:00,19,6,1
2006-10-15 03:45:00,8,6,1
2006-10-15 04:00:00,6,6,1
2006-10-15 04:15:00,13,6,1
2006-10-15 04:30:00,18,6,1
2006-10-15 04:45:00,12,6,1
2006-10-15 05:00:00,9,6,1
2006-10-15 05:15:00,11,6,1
2006-10-15 05:30:00,13,6,1
2006-10-15 05:45:00,16,6,1
2006-10-15 06:00:00,16,6,1
2006-10-15 06:15:00,29,6,1
2006-10-15 06:30:00,34,6,1
2006-10-15 06:45:00,39,6,1
2006-10-15 07:00:00,39,6,1
2006-10-15 07:15:00,44,6,1
2006-10-15 07:30:00,55,6,1
2006-10-15 07:45:00,59,6,1
2006-10-15 08:00:00,50,6,1
2006-10-15 08:15:00,49,6,1
2006-10-15 08:30:00,86,6,1
2006-10-15 08:45:00,80,6,1
2006-10-15 09:00:00,96,6,1
2006-10-15 09:15:00,121,6,1
2006-10-15 09:30:00,168,6,1
2006-10-15 09:45:00,195,6,1
2006-10-15 10:00:00,206,6,1
2006-10-15 10:15:00,196,6,1
2006-10-15 10:30:00,173,6,1
2006-10-15 10:45:00,197,6,1
2006-10-15 11:00:00,185,6,1
2006-10-15 11:15:00,214,6,1
2006-10-15 11:30:00,187,6,1
2006-10-15 11:45:00,207,6,1
2006-10-15 12:00:00,249,6,1
2006-10-15 12:15:00,212,6,1
2006-10-15 12:30:00,211,6,1
2006-10-15 12:45:00,230,6,1
2006-10-15 13:00:00,232,6,1
2006-10-15 13:15:00,234,6,1
2006-10-15 13:30:00,184,6,1
2006-10-15 13:45:00,271,6,1
2006-10-15 14:00:00,204,6,1
2006-10-15 14:15:00,241,6,1
2006-10-15 14:30:00,183,6,1
2006-10-15 14:45:00,202,6,1
2006-10-15 15:00:00,196,6,1
2006-10-15 15:15:00,208,6,1
2006-10-15 15:30:00,179,6,1
2006-10-15 15:45:00,162,6,1
2006-10-15 16:00:00,221,6,1
2006-10-15 16:15:00,186,6,1
2006-10-15 16:30:00,183,6,1
2006-10-15 16:45:00,179,6,1
2006-10-15 17:00:00,194,6,1
2006-10-15 17:15:00,167,6,1
2006-10-15 17:30:00,172,6,1
2006-10-15 17:45:00,178,6,1
2006-10-15 18:00:00,163,6,1
2006-10-15 18:15:00,177,6,1
2006-10-15 18:30:00,177,6,1
2006-10-15 18:45:00,113,6,1
2006-10-15 19:00:00,115,6,1
2006-10-15 19:15:00,94,6,1
2006-10-15 19:30:00,98,6,1
2006-10-15 19:45:00,85,6,1
2006-10-15 20:00:00,93,6,1
2006-10-15 20:15:00,73,6,1
2006-10-15 20:30:00,60,6,1
2006-10-15 20:45:00,86,6,1
2006-10-15 21:00:00,60,6,1
2006-10-15 21:15:00,73,6,1
2006-10-15 21:30:00,72,6,1
2006-10-15 21:45:00,62,6,1
2006-10-15 22:00:00,52,6,1
2006-10-15 22:15:00,73,6,1
2006-10-15 22:30:00,64,6,1
2006-10-15 22:45:00,44,6,1
2006-10-15 23:00:00,26,6,1
2006-10-15 23:15:00,21,6,1
2006-10-15 23:30:00,25,6,1
2006-10-15 23:45:00,25,6,1
2006-10-16 00:00:00,19,0,0
2006-10-16 00:15:00,6,0,0
2006-10-16 00:30:00,14,0,0
2006-10-16 00:45:00,13,0,0
2006-10-16 01:00:00,7,0,0
2006-10-16 01:15:00,8,0,0
2006-10-16 01:30:00,10,0,0
2006-10-16 01:45:00,2,0,0
2006-10-16 02:00:00,4,0,0
2006-10-16 02:15:00,7,0,0
2006-10-16 02:30:00,1,0,0
2006-10-16 02:45:00,8,0,0
2006-10-16 03:00:00,2,0,0
2006-10-16 03:15:00,2,0,0
2006-10-16 03:30:00,6,0,0
2006-10-16 03:45:00,3,0,0
2006-10-16 04:00:00,6,0,0
2006-10-16 04:15:00,9,0,0
2006-10-16 04:30:00,2,0,0
2006-10-16 04:45:00,8,0,0
2006-10-16 05:00:00,6,0,0
2006-10-16 05:15:00,18,0,0
2006-10-16 05:30:00,29,0,0
2006-10-16 05:45:00,44,0,0
2006-10-16 06:00:00,39,0,0
2006-10-16 06:15:00,59,0,0
2006-10-16 06:30:00,110,0,0
2006-10-16 06:45:00,154,0,0
2006-10-16 07:00:00,152,0,0
2006-10-16 07:15:00,222,0,0
2006-10-16 07:30:00,243,0,0
2006-10-16 07:45:00,335,0,0
2006-10-16 08:00:00,299,0,0
2006-10-16 08:15:00,307,0,0
2006-10-16 08:30:00,274,0,0
2006-10-16 08:45:00,306,0,0
2006-10-16 09:00:00,291,0,0
2006-10-16 09:15:00,237,0,0
2006-10-16 09:30:00,225,0,0
2006-10-16 09:45:00,255,0,0
2006-10-16 10:00:00,199,0,0
2006-10-16 10:15:00,210,0,0
2006-10-16 10:30:00,211,0,0
2006-10-16 10:45:00,192,0,0
2006-10-16 11:00:00,212,0,0
2006-10-16 11:15:00,174,0,0
2006-10-16 11:30:00,218,0,0
2006-10-16 11:45:00,187,0,0
2006-10-16 12:00:00,210,0,0
2006-10-16 12:15:00,167,0,0
2006-10-16 12:30:00,200,0,0
2006-10-16 12:45:00,197,0,0
2006-10-16 13:00:00,189,0,0
2006-10-16 13:15:00,191,0,0
2006-10-16 13:30:00,195,0,0
2006-10-16 13:45:00,186,0,0
2006-10-16 14:00:00,204,0,0
2006-10-16 14:15:00,212,0,0
2006-10-16 14:30:00,215,0,0
2006-10-16 14:45:00,161,0,0
2006-10-16 15:00:00,209,0,0
2006-10-16 15:15:00,213,0,0
2006-10-16 15:30:00,186,0,0
2006-10-16 15:45:00,251,0,0
2006-10-16 16:00:00,247,0,0
2006-10-16 16:15:00,285,0,0
2006-10-16 16:30:00,257,0,0
2006-10-16 16:45:00,270,0,0
2006-10-16 17:00:00,238,0,0
2006-10-16 17:15:00,261,0,0
2006-10-16 17:30:00,303,0,0
2006-10-16 17:45:00,291,0,0
2006-10-16 18:00:00,268,0,0
2006-10-16 18:15:00,243,0,0
2006-10-16 18:30:00,243,0,0
2006-10-16 18:45:00,176,0,0
2006-10-16 19:00:00,158,0,0
2006-10-16 19:15:00,167,0,0
2006-10-16 19:30:00,126,0,0
2006-10-16 19:45:00,98,0,0
2006-10-16 20:00:00,104,0,0
2006-10-16 20:15:00,89,0,0
2006-10-16 20:30:00,85,0,0
2006-10-16 20:45:00,70,0,0
2006-10-16 21:00:00,82,0,0
2006-10-16 21:15:00,80,0,0
2006-10-16 21:30:00,66,0,0
2006-10-16 21:45:00,51,0,0
2006-10-16 22:00:00,73,0,0
2006-10-16 22:15:00,64,0,0
2006-10-16 22:30:00,67,0,0
2006-10-16 22:45:00,65,0,0
2006-10-16 23:00:00,48,0,0
2006-10-16 23:15:00,25,0,0
2006-10-16 23:30:00,24,0,0
2006-10-16 23:45:00,13,0,0
2006-10-17 00:00:00,21,1,0
2006-10-17 00:15:00,11,1,0
2006-10-17 00:30:00,9,1,0
2006-10-17 00:45:00,12,1,0
2006-10-17 01:00:00,6,1,0
2006-10-17 01:15:00,5,1,0
2006-10-17 01:30:00,5,1,0
2006-10-17 01:45:00,2,1,0
2006-10-17 02:00:00,4,1,0
2006-10-17 02:15:00,4,1,0
2006-10-17 02:30:00,4,1,0
2006-10-17 02:45:00,6,1,0
2006-10-17 03:00:00,3,1,0
2006-10-17 03:15:00,6,1,0
2006-10-17 03:30:00,2,1,0
2006-10-17 03:45:00,7,1,0
2006-10-17 04:00:00,3,1,0
2006-10-17 04:15:00,4,1,0
2006-10-17 04:30:00,3,1,0
2006-10-17 04:45:00,5,1,0
2006-10-17 05:00:00,9,1,0
2006-10-17 05:15:00,17,1,0
2006-10-17 05:30:00,25,1,0
2006-10-17 05:45:00,53,1,0
2006-10-17 06:00:00,45,1,0
2006-10-17 06:15:00,62,1,0
2006-10-17 06:30:00,123,1,0
2006-10-17 06:45:00,166,1,0
2006-10-17 07:00:00,176,1,0
2006-10-17 07:15:00,231,1,0
2006-10-17 07:30:00,280,1,0
2006-10-17 07:45:00,282,1,0
2006-10-17 08:00:00,287,1,0
2006-10-17 08:15:00,311,1,0
2006-10-17 08:30:00,314,1,0
2006-10-17 08:45:00,299,1,0
2006-10-17 09:00:00,257,1,0
2006-10-17 09:15:00,258,1,0
2006-10-17 09:30:00,255,1,0
2006-10-17 09:45:00,251,1,0
2006-10-17 10:00:00,236,1,0
2006-10-17 10:15:00,202,1,0
2006-10-17 10:30:00,208,1,0
2006-10-17 10:45:00,220,1,0
2006-10-17 11:00:00,193,1,0
2006-10-17 11:15:00,174,1,0
2006-10-17 11:30:00,203,1,0
2006-10-17 11:45:00,213,1,0
2006-10-17 12:00:00,203,1,0
2006-10-17 12:15:00,221,1,0
2006-10-17 12:30:00,212,1,0
2006-10-17 12:45:00,196,1,0
2006-10-17 13:00:00,210,1,0
2006-10-17 13:15:00,229,1,0
2006-10-17 13:30:00,204,1,0
2006-10-17 13:45:00,189,1,0
2006-10-17 14:00:00,212,1,0
2006-10-17 14:15:00,207,1,0
2006-10-17 14:30:00,179,1,0
2006-10-17 14:45:00,230,1,0
2006-10-17 15:00:00,212,1,0
2006-10-17 15:15:00,222,1,0
2006-10-17 15:30:00,227,1,0
2006-10-17 15:45:00,297,1,0
2006-10-17 16:00:00,246,1,0
2006-10-17 16:15:00,293,1,0
2006-10-17 16:30:00,264,1,0
2006-10-17 16:45:00,287,1,0
2006-10-17 17:00:00,229,1,0
2006-10-17 17:15:00,271,1,0
2006-10-17 17:30:00,272,1,0
2006-10-17 17:45:00,280,1,0
2006-10-17 18:00:00,279,1,0
2006-10-17 18:15:00,262,1,0
2006-10-17 18:30:00,229,1,0
2006-10-17 18:45:00,204,1,0
2006-10-17 19:00:00,195,1,0
2006-10-17 19:15:00,161,1,0
2006-10-17 19:30:00,148,1,0
2006-10-17 19:45:00,114,1,0
2006-10-17 20:00:00,123,1,0
2006-10-17 20:15:00,100,1,0
2006-10-17 20:30:00,102,1,0
2006-10-17 20:45:00,86,1,0
2006-10-17 21:00:00,75,1,0
2006-10-17 21:15:00,84,1,0
2006-10-17 21:30:00,85,1,0
2006-10-17 21:45:00,65,1,0
2006-10-17 22:00:00,88,1,0
2006-10-17 22:15:00,83,1,0
2006-10-17 22:30:00,62,1,0
2006-10-17 22:45:00,53,1,0
2006-10-17 23:00:00,48,1,0
2006-10-17 23:15:00,52,1,0
2006-10-17 23:30:00,37,1,0
2006-10-17 23:45:00,25,1,0
2006-10-18 00:00:00,25,2,0
2006-10-18 00:15:00,23,2,0
2006-10-18 00:30:00,12,2,0
2006-10-18 00:45:00,13,2,0
2006-10-18 01:00:00,9,2,0
2006-10-18 01:15:00,5,2,0
2006-10-18 01:30:00,6,2,0
2006-10-18 01:45:00,12,2,0
2006-10-18 02:00:00,2,2,0
2006-10-18 02:15:00,2,2,0
2006-10-18 02:30:00,2,2,0
2006-10-18 02:45:00,6,2,0
2006-10-18 03:00:00,10,2,0
2006-10-18 03:15:00,2,2,0
2006-10-18 03:30:00,4,2,0
2006-10-18 03:45:00,2,2,0
2006-10-18 04:00:00,5,2,0
2006-10-18 04:15:00,3,2,0
2006-10-18 04:30:00,7,2,0
2006-10-18 04:45:00,11,2,0
2006-10-18 05:00:00,10,2,0
2006-10-18 05:15:00,11,2,0
2006-10-18 05:30:00,24,2,0
2006-10-18 05:45:00,36,2,0
2006-10-18 06:00:00,47,2,0
2006-10-18 06:15:00,56,2,0
2006-10-18 06:30:00,121,2,0
2006-10-18 06:45:00,161,2,0
2006-10-18 07:00:00,194,2,0
2006-10-18 07:15:00,226,2,0
2006-10-18 07:30:00,282,2,0
2006-10-18 07:45:00,307,2,0
2006-10-18 08:00:00,302,2,0
2006-10-18 08:15:00,287,2,0
2006-10-18 08:30:00,293,2,0
2006-10-18 08:45:00,274,2,0
2006-10-18 09:00:00,304,2,0
2006-10-18 09:15:00,261,2,0
2006-10-18 09:30:00,240,2,0
2006-10-18 09:45:00,266,2,0
2006-10-18 10:00:00,234,2,0
2006-10-18 10:15:00,214,2,0
2006-10-18 10:30:00,230,2,0
2006-10-18 10:45:00,197,2,0
2006-10-18 11:00:00,205,2,0
2006-10-18 11:15:00,215,2,0
2006-10-18 11:30:00,211,2,0
2006-10-18 11:45:00,198,2,0
2006-10-18 12:00:00,222,2,0
2006-10-18 12:15:00,203,2,0
2006-10-18 12:30:00,176,2,0
2006-10-18 12:45:00,161,2,0
2006-10-18 13:00:00,150,2,0
2006-10-18 13:15:00,239,2,0
2006-10-18 13:30:00,189,2,0
2006-10-18 13:45:00,196,2,0
2006-10-18 14:00:00,219,2,0
2006-10-18 14:15:00,201,2,0
2006-10-18 14:30:00,192,2,0
2006-10-18 14:45:00,277,2,0
2006-10-18 15:00:00,197,2,0
2006-10-18 15:15:00,197,2,0
2006-10-18 15:30:00,246,2,0
2006-10-18 15:45:00,263,2,0
2006-10-18 16:00:00,267,2,0
2006-10-18 16:15:00,283,2,0
2006-10-18 16:30:00,260,2,0
2006-10-18 16:45:00,281,2,0
2006-10-18 17:00:00,236,2,0
2006-10-18 17:15:00,263,2,0
2006-10-18 17:30:00,244,2,0
2006-10-18 17:45:00,330,2,0
2006-10-18 18:00:00,242,2,0
2006-10-18 18:15:00,265,2,0
2006-10-18 18:30:00,215,2,0
2006-10-18 18:45:00,214,2,0
2006-10-18 19:00:00,202,2,0
2006-10-18 19:15:00,147,2,0
2006-10-18 19:30:00,157,2,0
2006-10-18 19:45:00,148,2,0
2006-10-18 20:00:00,117,2,0
2006-10-18 20:15:00,125,2,0
2006-10-18 20:30:00,82,2,0
2006-10-18 20:45:00,85,2,0
2006-10-18 21:00:00,83,2,0
2006-10-18 21:15:00,72,2,0
2006-10-18 21:30:00,93,2,0
2006-10-18 21:45:00,96,2,0
2006-10-18 22:00:00,86,2,0
2006-10-18 22:15:00,88,2,0
2006-10-18 22:30:00,71,2,0
2006-10-18 22:45:00,59,2,0
2006-10-18 23:00:00,61,2,0
2006-10-18 23:15:00,49,2,0
2006-10-18 23:30:00,29,2,0
2006-10-18 23:45:00,26,2,0
2006-10-19 00:00:00,33,3,0
2006-10-20 00:15:00,25,4,0
2006-10-20 00:30:00,20,4,0
2006-10-20 00:45:00,7,4,0
2006-10-20 01:00:00,10,4,0
2006-10-20 01:15:00,11,4,0
2006-10-20 01:30:00,10,4,0
2006-10-20 01:45:00,5,4,0
2006-10-20 02:00:00,6,4,0
2006-10-20 02:15:00,8,4,0
2006-10-20 02:30:00,4,4,0
2006-10-20 02:45:00,3,4,0
2006-10-20 03:00:00,6,4,0
2006-10-20 03:15:00,8,4,0
2006-10-20 03:30:00,9,4,0
2006-10-20 03:45:00,8,4,0
2006-10-20 04:00:00,6,4,0
2006-10-20 04:15:00,10,4,0
2006-10-20 04:30:00,13,4,0
2006-10-20 04:45:00,10,4,0
2006-10-20 05:00:00,14,4,0
2006-10-20 05:15:00,14,4,0
2006-10-20 05:30:00,31,4,0
2006-10-20 05:45:00,35,4,0
2006-10-20 06:00:00,63,4,0
2006-10-20 06:15:00,62,4,0
2006-10-20 06:30:00,122,4,0
2006-10-20 06:45:00,157,4,0
2006-10-20 07:00:00,194,4,0
2006-10-20 07:15:00,197,4,0
2006-10-20 07:30:00,258,4,0
2006-10-20 07:45:00,274,4,0
2006-10-20 08:00:00,317,4,0
2006-10-20 08:15:00,284,4,0
2006-10-20 08:30:00,308,4,0
2006-10-20 08:45:00,251,4,0
2006-10-20 09:00:00,278,4,0
2006-10-20 09:15:00,247,4,0
2006-10-20 09:30:00,239,4,0
2006-10-20 09:45:00,235,4,0
2006-10-20 10:00:00,238,4,0
2006-10-20 10:15:00,220,4,0
2006-10-20 10:30:00,206,4,0
2006-10-20 10:45:00,245,4,0
2006-10-20 11:00:00,238,4,0
2006-10-20 11:15:00,188,4,0
2006-10-20 11:30:00,205,4,0
2006-10-20 11:45:00,259,4,0
2006-10-20 12:00:00,250,4,0
2006-10-20 12:15:00,263,4,0
2006-10-20 12:30:00,223,4,0
2006-10-20 12:45:00,222,4,0
2006-10-20 13:00:00,196,4,0
2006-10-20 13:15:00,227,4,0
2006-10-20 13:30:00,238,4,0
2006-10-20 13:45:00,238,4,0
2006-10-20 14:00:00,243,4,0
2006-10-20 14:15:00,228,4,0
2006-10-20 14:30:00,232,4,0
2006-10-20 14:45:00,238,4,0
2006-10-20 15:00:00,238,4,0
2006-10-20 15:15:00,243,4,0
2006-10-20 15:30:00,229,4,0
2006-10-20 15:45:00,241,4,0
2006-10-20 16:00:00,267,4,0
2006-10-20 16:15:00,278,4,0
2006-10-20 16:30:00,332,4,0
2006-10-20 16:45:00,248,4,0
2006-10-20 17:00:00,295,4,0
2006-10-20 17:15:00,275,4,0
2006-10-20 17:30:00,302,4,0
2006-10-20 17:45:00,257,4,0
2006-10-20 18:00:00,321,4,0
2006-10-20 18:15:00,228,4,0
2006-10-20 18:30:00,296,4,0
2006-10-20 18:45:00,213,4,0
2006-10-20 19:00:00,204,4,0
2006-10-20 19:15:00,248,4,0
2006-10-20 19:30:00,198,4,0
2006-10-20 19:45:00,180,4,0
2006-10-20 20:00:00,154,4,0
2006-10-20 20:15:00,98,4,0
2006-10-20 20:30:00,117,4,0
2006-10-20 20:45:00,94,4,0
2006-10-20 21:00:00,98,4,0
2006-10-20 21:15:00,73,4,0
2006-10-20 21:30:00,101,4,0
2006-10-20 21:45:00,59,4,0
2006-10-20 22:00:00,88,4,0
2006-10-20 22:15:00,70,4,0
2006-10-20 22:30:00,100,4,0
2006-10-20 22:45:00,60,4,0
2006-10-20 23:00:00,59,4,0
2006-10-20 23:15:00,54,4,0
2006-10-20 23:30:00,53,4,0
2006-10-20 23:45:00,65,4,0
2006-10-21 00:00:00,40,5,1
2006-10-21 00:15:00,49,5,1
2006-10-21 00:30:00,36,5,1
2006-10-21 00:45:00,25,5,1
2006-10-21 01:00:00,18,5,1
2006-10-21 01:15:00,19,5,1
2006-10-21 01:30:00,21,5,1
2006-10-21 01:45:00,19,5,1
2006-10-21 02:00:00,17,5,1
2006-10-21 02:15:00,9,5,1
2006-10-21 02:30:00,5,5,1
2006-10-21 02:45:00,15,5,1
2006-10-21 03:00:00,13,5,1
2006-10-21 03:15:00,13,5,1
2006-10-21 03:30:00,10,5,1
2006-10-21 03:45:00,6,5,1
2006-10-21 04:00:00,9,5,1
2006-10-21 04:15:00,9,5,1
2006-10-21 04:30:00,8,5,1
2006-10-21 04:45:00,7,5,1
2006-10-21 05:00:00,11,5,1
2006-10-21 05:15:00,8,5,1
2006-10-21 05:30:00,16,5,1
2006-10-21 05:45:00,15,5,1
2006-10-21 06:00:00,26,5,1
2006-10-21 06:15:00,35,5,1
2006-10-21 06:30:00,47,5,1
2006-10-21 06:45:00,61,5,1
2006-10-21 07:00:00,69,5,1
2006-10-21 07:15:00,78,5,1
2006-10-21 07:30:00,71,5,1
2006-10-21 07:45:00,102,5,1
2006-10-21 08:00:00,123,5,1
2006-10-21 08:15:00,133,5,1
2006-10-21 08:30:00,167,5,1
2006-10-21 08:45:00,199,5,1
2006-10-21 09:00:00,223,5,1
2006-10-21 09:15:00,211,5,1
2006-10-21 09:30:00,228,5,1
2006-10-21 09:45:00,230,5,1
2006-10-21 10:00:00,226,5,1
2006-10-21 10:15:00,241,5,1
2006-10-21 10:30:00,258,5,1
2006-10-21 10:45:00,244,5,1
2006-10-21 11:00:00,249,5,1
2006-10-21 11:15:00,227,5,1
2006-10-21 11:30:00,290,5,1
2006-10-21 11:45:00,281,5,1
2006-10-21 12:00:00,245,5,1
2006-10-21 12:15:00,280,5,1
2006-10-21 12:30:00,245,5,1
2006-10-21 12:45:00,282,5,1
2006-10-21 13:00:00,295,5,1
2006-10-21 13:15:00,251,5,1
2006-10-21 13:30:00,234,5,1
2006-10-21 13:45:00,242,5,1
2006-10-21 14:00:00,247,5,1
2006-10-21 14:15:00,238,5,1
2006-10-21 14:30:00,267,5,1
2006-10-21 14:45:00,209,5,1
2006-10-21 15:00:00,224,5,1
2006-10-21 15:15:00,218,5,1
2006-10-21 15:30:00,205,5,1
2006-10-21 15:45:00,216,5,1
2006-10-21 16:00:00,196,5,1
2006-10-21 16:15:00,183,5,1
2006-10-21 16:30:00,175,5,1
2006-10-21 16:45:00,190,5,1
2006-10-21 17:00:00,179,5,1
2006-10-21 17:15:00,175,5,1
2006-10-21 17:30:00,177,5,1
2006-10-21 17:45:00,211,5,1
2006-10-21 18:00:00,180,5,1
2006-10-21 18:15:00,180,5,1
2006-10-21 18:30:00,161,5,1
2006-10-21 18:45:00,160,5,1
2006-10-21 19:00:00,154,5,1
2006-10-21 19:15:00,157,5,1
2006-10-21 19:30:00,124,5,1
2006-10-21 19:45:00,151,5,1
2006-10-21 20:00:00,90,5,1
2006-10-21 20:15:00,109,5,1
2006-10-21 20:30:00,96,5,1
2006-10-21 20:45:00,71,5,1
2006-10-21 21:00:00,61,5,1
2006-10-21 21:15:00,75,5,1
2006-10-21 21:30:00,59,5,1
2006-10-21 21:45:00,65,5,1
2006-10-21 22:00:00,81,5,1
2006-10-21 22:15:00,63,5,1
2006-10-21 22:30:00,65,5,1
2006-10-21 22:45:00,73,5,1
2006-10-21 23:00:00,96,5,1
2006-10-21 23:15:00,88,5,1
2006-10-21 23:30:00,76,5,1
2006-10-21 23:45:00,101,5,1
2006-10-22 00:00:00,61,6,1
2006-10-22 00:15:00,78,6,1
2006-10-22 00:30:00,60,6,1
2006-10-22 00:45:00,54,6,1
2006-10-22 01:00:00,37,6,1
2006-10-22 01:15:00,37,6,1
2006-10-22 01:30:00,39,6,1
2006-10-22 01:45:00,26,6,1
2006-10-22 02:00:00,17,6,1
2006-10-22 02:15:00,25,6,1
2006-10-22 02:30:00,16,6,1
2006-10-22 02:45:00,14,6,1
2006-10-22 03:00:00,11,6,1
2006-10-22 03:15:00,16,6,1
2006-10-22 03:30:00,12,6,1
2006-10-22 03:45:00,12,6,1
2006-10-22 04:00:00,9,6,1
2006-10-22 04:15:00,4,6,1
2006-10-22 04:30:00,8,6,1
2006-10-22 04:45:00,4,6,1
2006-10-22 05:00:00,12,6,1
2006-10-22 05:15:00,9,6,1
2006-10-22 05:30:00,12,6,1
2006-10-22 05:45:00,12,6,1
2006-10-22 06:00:00,16,6,1
2006-10-22 06:15:00,22,6,1
2006-10-22 06:30:00,27,6,1
2006-10-22 06:45:00,44,6,1
2006-10-22 07:00:00,48,6,1
2006-10-22 07:15:00,40,6,1
2006-10-22 07:30:00,47,6,1
2006-10-22 07:45:00,45,6,1
2006-10-22 08:00:00,43,6,1
2006-10-22 08:15:00,48,6,1
2006-10-22 08:30:00,71,6,1
2006-10-22 08:45:00,84,6,1
2006-10-22 09:00:00,104,6,1
2006-10-22 09:15:00,122,6,1
2006-10-22 09:30:00,117,6,1
2006-10-22 09:45:00,195,6,1
2006-10-22 10:00:00,194,6,1
2006-10-22 10:15:00,190,6,1
2006-10-22 10:30:00,190,6,1
2006-10-22 10:45:00,186,6,1
2006-10-22 11:00:00,197,6,1
2006-10-22 11:15:00,206,6,1
2006-10-22 11:30:00,219,6,1
2006-10-22 11:45:00,232,6,1
2006-10-22 12:00:00,210,6,1
2006-10-22 12:15:00,196,6,1
2006-10-22 12:30:00,304,6,1
2006-10-22 12:45:00,254,6,1
2006-10-22 13:00:00,196,6,1
2006-10-22 13:15:00,236,6,1
2006-10-22 13:30:00,226,6,1
2006-10-22 13:45:00,229,6,1
2006-10-22 14:00:00,262,6,1
2006-10-22 14:15:00,196,6,1
2006-10-22 14:30:00,205,6,1
2006-10-22 14:45:00,201,6,1
2006-10-22 15:00:00,197,6,1
2006-10-22 15:15:00,195,6,1
2006-10-22 15:30:00,205,6,1
2006-10-22 15:45:00,193,6,1
2006-10-22 16:00:00,177,6,1
2006-10-22 16:15:00,166,6,1
2006-10-22 16:30:00,171,6,1
2006-10-22 16:45:00,168,6,1
2006-10-22 17:00:00,209,6,1
2006-10-22 17:15:00,205,6,1
2006-10-22 17:30:00,177,6,1
2006-10-22 17:45:00,179,6,1
2006-10-22 18:00:00,152,6,1
2006-10-22 18:15:00,186,6,1
2006-10-22 18:30:00,156,6,1
2006-10-22 18:45:00,140,6,1
2006-10-22 19:00:00,115,6,1
2006-10-22 19:15:00,87,6,1
2006-10-22 19:30:00,90,6,1
2006-10-22 19:45:00,95,6,1
2006-10-22 20:00:00,81,6,1
2006-10-22 20:15:00,87,6,1
2006-10-22 20:30:00,74,6,1
2006-10-22 20:45:00,69,6,1
2006-10-22 21:00:00,63,6,1
2006-10-22 21:15:00,62,6,1
2006-10-22 21:30:00,68,6,1
2006-10-22 21:45:00,65,6,1
2006-10-22 22:00:00,59,6,1
2006-10-22 22:15:00,72,6,1
2006-10-22 22:30:00,62,6,1
2006-10-22 22:45:00,52,6,1
2006-10-22 23:00:00,43,6,1
2006-10-22 23:15:00,27,6,1
2006-10-22 23:30:00,17,6,1
2006-10-22 23:45:00,23,6,1
2006-10-23 00:00:00,18,0,0
2006-10-23 00:15:00,19,0,0
2006-10-23 00:30:00,12,0,0
2006-10-23 00:45:00,17,0,0
2006-10-23 01:00:00,6,0,0
2006-10-23 01:15:00,8,0,0
2006-10-23 01:30:00,4,0,0
2006-10-23 01:45:00,4,0,0
2006-10-23 02:00:00,5,0,0
2006-10-23 02:15:00,3,0,0
2006-10-23 02:30:00,2,0,0
2006-10-23 02:45:00,4,0,0
2006-10-23 03:00:00,7,0,0
2006-10-23 03:15:00,4,0,0
2006-10-23 03:30:00,3,0,0
2006-10-23 03:45:00,2,0,0
2006-10-23 04:00:00,3,0,0
2006-10-23 04:15:00,6,0,0
2006-10-23 04:30:00,8,0,0
2006-10-23 04:45:00,11,0,0
2006-10-23 05:00:00,8,0,0
2006-10-23 05:15:00,13,0,0
2006-10-23 05:30:00,33,0,0
2006-10-23 05:45:00,35,0,0
2006-10-23 06:00:00,46,0,0
2006-10-23 06:15:00,67,0,0
2006-10-23 06:30:00,106,0,0
2006-10-23 06:45:00,139,0,0
2006-10-23 07:00:00,187,0,0
2006-10-23 07:15:00,203,0,0
2006-10-23 07:30:00,251,0,0
2006-10-23 07:45:00,309,0,0
2006-10-23 08:00:00,291,0,0
2006-10-23 08:15:00,306,0,0
2006-10-23 08:30:00,293,0,0
2006-10-23 08:45:00,268,0,0
2006-10-23 09:00:00,253,0,0
2006-10-23 09:15:00,239,0,0
2006-10-23 09:30:00,223,0,0
2006-10-23 09:45:00,243,0,0
2006-10-23 10:00:00,196,0,0
2006-10-23 10:15:00,201,0,0
2006-10-23 10:30:00,190,0,0
2006-10-23 10:45:00,215,0,0
2006-10-23 11:00:00,176,0,0
2006-10-23 11:15:00,178,0,0
2006-10-23 11:30:00,179,0,0
2006-10-23 11:45:00,204,0,0
2006-10-23 12:00:00,177,0,0
2006-10-23 12:15:00,170,0,0
2006-10-23 12:30:00,214,0,0
2006-10-23 12:45:00,164,0,0
2006-10-23 13:00:00,226,0,0
2006-10-23 13:15:00,204,0,0
2006-10-23 13:30:00,200,0,0
2006-10-23 13:45:00,168,0,0
2006-10-23 14:00:00,178,0,0
2006-10-23 14:15:00,173,0,0
2006-10-23 14:30:00,192,0,0
2006-10-23 14:45:00,232,0,0
2006-10-23 15:00:00,186,0,0
2006-10-23 15:15:00,225,0,0
2006-10-23 15:30:00,237,0,0
2006-10-23 15:45:00,240,0,0
2006-10-23 16:00:00,265,0,0
2006-10-23 16:15:00,252,0,0
2006-10-23 16:30:00,266,0,0
2006-10-23 16:45:00,245,0,0
2006-10-23 17:00:00,208,0,0
2006-10-23 17:15:00,259,0,0
2006-10-23 17:30:00,270,0,0
2006-10-23 17:45:00,287,0,0
2006-10-23 18:00:00,259,0,0
2006-10-23 18:15:00,259,0,0
2006-10-23 18:30:00,238,0,0
2006-10-23 18:45:00,195,0,0
2006-10-23 19:00:00,178,0,0
2006-10-23 19:15:00,144,0,0
2006-10-23 19:30:00,140,0,0
2006-10-23 19:45:00,98,0,0
2006-10-23 20:00:00,97,0,0
2006-10-23 20:15:00,94,0,0
2006-10-23 20:30:00,69,0,0
2006-10-23 20:45:00,77,0,0
2006-10-23 21:00:00,71,0,0
2006-10-23 21:15:00,80,0,0
2006-10-23 21:30:00,75,0,0
2006-10-23 21:45:00,75,0,0
2006-10-23 22:00:00,93,0,0
2006-10-23 22:15:00,78,0,0
2006-10-23 22:30:00,53,0,0
2006-10-23 22:45:00,39,0,0
2006-10-23 23:00:00,34,0,0
2006-10-23 23:15:00,29,0,0
2006-10-23 23:30:00,18,0,0
2006-10-23 23:45:00,21,0,0
2006-10-24 00:00:00,12,1,0
2006-10-24 00:15:00,19,1,0
2006-10-24 00:30:00,9,1,0
2006-10-24 00:45:00,9,1,0
2006-10-24 01:00:00,4,1,0
2006-10-24 01:15:00,8,1,0
2006-10-24 01:30:00,4,1,0
2006-10-24 01:45:00,5,1,0
2006-10-24 02:00:00,8,1,0
2006-10-24 02:15:00,7,1,0
2006-10-24 02:30:00,3,1,0
2006-10-24 02:45:00,10,1,0
2006-10-24 03:00:00,1,1,0
2006-10-24 03:15:00,2,1,0
2006-10-24 03:30:00,2,1,0
2006-10-24 03:45:00,1,1,0
2006-10-24 04:00:00,4,1,0
2006-10-24 04:15:00,4,1,0
2006-10-24 04:30:00,4,1,0
2006-10-24 04:45:00,8,1,0
2006-10-24 05:00:00,9,1,0
2006-10-24 05:15:00,15,1,0
2006-10-24 05:30:00,22,1,0
2006-10-24 05:45:00,42,1,0
2006-10-24 06:00:00,47,1,0
2006-10-24 06:15:00,61,1,0
2006-10-24 06:30:00,124,1,0
2006-10-24 06:45:00,178,1,0
2006-10-24 07:00:00,164,1,0
2006-10-24 07:15:00,235,1,0
2006-10-24 07:30:00,251,1,0
2006-10-24 07:45:00,277,1,0
2006-10-24 08:00:00,318,1,0
2006-10-24 08:15:00,295,1,0
2006-10-24 08:30:00,298,1,0
2006-10-24 08:45:00,298,1,0
2006-10-24 09:00:00,288,1,0
2006-10-24 09:15:00,309,1,0
2006-10-24 09:30:00,218,1,0
2006-10-24 09:45:00,259,1,0
2006-10-24 10:00:00,236,1,0
2006-10-24 10:15:00,193,1,0
2006-10-24 10:30:00,238,1,0
2006-10-24 10:45:00,205,1,0
2006-10-24 11:00:00,203,1,0
2006-10-24 11:15:00,207,1,0
2006-10-24 11:30:00,234,1,0
2006-10-24 11:45:00,224,1,0
2006-10-24 12:00:00,217,1,0
2006-10-24 12:15:00,196,1,0
2006-10-24 12:30:00,218,1,0
2006-10-24 12:45:00,226,1,0
2006-10-24 13:00:00,191,1,0
2006-10-24 13:15:00,212,1,0
2006-10-24 13:30:00,197,1,0
2006-10-24 13:45:00,230,1,0
2006-10-24 14:00:00,211,1,0
2006-10-24 14:15:00,228,1,0
2006-10-24 14:30:00,201,1,0
2006-10-24 14:45:00,209,1,0
2006-10-24 15:00:00,194,1,0
2006-10-24 15:15:00,208,1,0
2006-10-24 15:30:00,251,1,0
2006-10-24 15:45:00,264,1,0
2006-10-24 16:00:00,240,1,0
2006-10-24 16:15:00,292,1,0
2006-10-24 16:30:00,261,1,0
2006-10-24 16:45:00,269,1,0
2006-10-24 17:00:00,246,1,0
2006-10-24 17:15:00,254,1,0
2006-10-24 17:30:00,261,1,0
2006-10-24 17:45:00,274,1,0
2006-10-24 18:00:00,265,1,0
2006-10-24 18:15:00,267,1,0
2006-10-24 18:30:00,214,1,0
2006-10-24 18:45:00,191,1,0
2006-10-24 19:00:00,173,1,0
2006-10-24 19:15:00,188,1,0
2006-10-24 19:30:00,147,1,0
2006-10-24 19:45:00,115,1,0
2006-10-24 20:00:00,87,1,0
2006-10-24 20:15:00,74,1,0
2006-10-24 20:30:00,109,1,0
2006-10-24 20:45:00,86,1,0
2006-10-24 21:00:00,84,1,0
2006-10-24 21:15:00,98,1,0
2006-10-24 21:30:00,89,1,0
2006-10-24 21:45:00,87,1,0
2006-10-24 22:00:00,98,1,0
2006-10-24 22:15:00,86,1,0
2006-10-24 22:30:00,77,1,0
2006-10-24 22:45:00,72,1,0
2006-10-24 23:00:00,60,1,0
2006-10-24 23:15:00,34,1,0
2006-10-24 23:30:00,32,1,0
2006-10-24 23:45:00,34,1,0
2006-10-25 00:00:00,24,2,0
2006-10-25 00:15:00,23,2,0
2006-10-25 00:30:00,15,2,0
2006-10-25 00:45:00,10,2,0
2006-10-25 01:00:00,14,2,0
2006-10-25 01:15:00,7,2,0
2006-10-25 01:30:00,4,2,0
2006-10-25 01:45:00,3,2,0
2006-10-25 02:00:00,3,2,0
2006-10-25 02:15:00,7,2,0
2006-10-25 02:30:00,7,2,0
2006-10-25 02:45:00,3,2,0
2006-10-25 03:00:00,0,2,0
2006-10-25 03:15:00,4,2,0
2006-10-25 03:30:00,1,2,0
2006-10-25 03:45:00,4,2,0
2006-10-25 04:00:00,3,2,0
2006-10-25 04:15:00,5,2,0
2006-10-25 04:30:00,7,2,0
2006-10-25 04:45:00,9,2,0
2006-10-25 05:00:00,11,2,0
2006-10-25 05:15:00,17,2,0
2006-10-25 05:30:00,25,2,0
2006-10-25 05:45:00,42,2,0
2006-10-25 06:00:00,51,2,0
2006-10-25 06:15:00,59,2,0
2006-10-25 06:30:00,115,2,0
2006-10-25 06:45:00,165,2,0
2006-10-25 07:00:00,192,2,0
2006-10-25 07:15:00,193,2,0
2006-10-25 07:30:00,268,2,0
2006-10-25 07:45:00,292,2,0
2006-10-25 08:00:00,342,2,0
2006-10-25 08:15:00,283,2,0
2006-10-25 08:30:00,288,2,0
2006-10-25 08:45:00,273,2,0
2006-10-25 09:00:00,272,2,0
2006-10-25 09:15:00,239,2,0
2006-10-25 09:30:00,217,2,0
2006-10-25 09:45:00,256,2,0
2006-10-25 10:00:00,207,2,0
2006-10-25 10:15:00,248,2,0
2006-10-25 10:30:00,227,2,0
2006-10-25 10:45:00,207,2,0
2006-10-25 11:00:00,227,2,0
2006-10-25 11:15:00,211,2,0
2006-10-25 11:30:00,227,2,0
2006-10-25 11:45:00,213,2,0
2006-10-25 12:00:00,211,2,0
2006-10-25 12:15:00,190,2,0
2006-10-25 12:30:00,202,2,0
2006-10-25 12:45:00,186,2,0
2006-10-25 13:00:00,174,2,0
2006-10-25 13:15:00,202,2,0
2006-10-25 13:30:00,193,2,0
2006-10-25 13:45:00,217,2,0
2006-10-25 14:00:00,196,2,0
2006-10-25 14:15:00,200,2,0
2006-10-25 14:30:00,196,2,0
2006-10-25 14:45:00,170,2,0
2006-10-25 15:00:00,218,2,0
2006-10-25 15:15:00,236,2,0
2006-10-25 15:30:00,242,2,0
2006-10-25 15:45:00,258,2,0
2006-10-25 16:00:00,260,2,0
2006-10-25 16:15:00,314,2,0
2006-10-25 16:30:00,251,2,0
2006-10-25 16:45:00,221,2,0
2006-10-25 17:00:00,274,2,0
2006-10-25 17:15:00,257,2,0
2006-10-25 17:30:00,311,2,0
2006-10-25 17:45:00,264,2,0
2006-10-25 18:00:00,301,2,0
2006-10-25 18:15:00,257,2,0
2006-10-25 18:30:00,240,2,0
2006-10-25 18:45:00,195,2,0
2006-10-25 19:00:00,188,2,0
2006-10-25 19:15:00,132,2,0
2006-10-25 19:30:00,141,2,0
2006-10-25 19:45:00,114,2,0
2006-10-25 20:00:00,114,2,0
2006-10-25 20:15:00,104,2,0
2006-10-25 20:30:00,77,2,0
2006-10-25 20:45:00,87,2,0
2006-10-25 21:00:00,98,2,0
2006-10-25 21:15:00,85,2,0
2006-10-25 21:30:00,84,2,0
2006-10-25 21:45:00,85,2,0
2006-10-25 22:00:00,79,2,0
2006-10-25 22:15:00,82,2,0
2006-10-25 22:30:00,57,2,0
2006-10-25 22:45:00,56,2,0
2006-10-25 23:00:00,47,2,0
2006-10-25 23:15:00,36,2,0
2006-10-25 23:30:00,47,2,0
2006-10-25 23:45:00,29,2,0
2006-10-26 00:00:00,19,3,0
2006-10-26 00:15:00,21,3,0
2006-10-26 00:30:00,20,3,0
2006-10-26 00:45:00,15,3,0
2006-10-26 01:00:00,13,3,0
2006-10-26 01:15:00,8,3,0
2006-10-26 01:30:00,6,3,0
2006-10-26 01:45:00,5,3,0
2006-10-26 02:00:00,8,3,0
2006-10-26 02:15:00,0,3,0
2006-10-26 02:30:00,4,3,0
2006-10-26 02:45:00,5,3,0
2006-10-26 03:00:00,2,3,0
2006-10-26 03:15:00,1,3,0
2006-10-26 03:30:00,4,3,0
2006-10-26 03:45:00,4,3,0
2006-10-26 04:00:00,6,3,0
2006-10-26 04:15:00,6,3,0
2006-10-26 04:30:00,4,3,0
2006-10-26 04:45:00,9,3,0
2006-10-26 05:00:00,10,3,0
2006-10-26 05:15:00,14,3,0
2006-10-26 05:30:00,29,3,0
2006-10-26 05:45:00,45,3,0
2006-10-26 06:00:00,44,3,0
2006-10-26 06:15:00,62,3,0
2006-10-26 06:30:00,109,3,0
2006-10-26 06:45:00,163,3,0
2006-10-26 07:00:00,189,3,0
2006-10-26 07:15:00,197,3,0
2006-10-26 07:30:00,279,3,0
2006-10-26 07:45:00,281,3,0
2006-10-26 08:00:00,308,3,0
2006-10-26 08:15:00,289,3,0
2006-10-26 08:30:00,323,3,0
2006-10-26 08:45:00,279,3,0
2006-10-26 09:00:00,272,3,0
2006-10-26 09:15:00,257,3,0
2006-10-26 09:30:00,251,3,0
